key,key:maintenanceRecord,key:task
involvedIn-01,maintenanceRecord-01,task-29
involvedIn-02,maintenanceRecord-02,task-29
involvedIn-03,maintenanceRecord-23,task-23
involvedIn-04,maintenanceRecord-02,task-28
involvedIn-05,maintenanceRecord-05,task-29
involvedIn-06,maintenanceRecord-06,task-29
involvedIn-07,maintenanceRecord-07,task-29
involvedIn-08,maintenanceRecord-22,task-29
involvedIn-09,maintenanceRecord-30,task-29
involvedIn-10,maintenanceRecord-31,task-29
involvedIn-11,maintenanceRecord-32,task-29
involvedIn-12,maintenanceRecord-33,task-29